Workbook

Sheet NR 001
A3: Sub-Contractor
A4: Application For Payment on Account
A7: FROM: | F7: APPLICATION No:
F8: ORDER No:
F9: CONTRACT No:
F10: ORDER VALUE:
F11: DATE:
F12: FOR WORKS UP TO & INCLUDING:
B15: CONTRACT:
B18: FORECAST FINAL ACCOUNT
E19: CONTRACT VALUE | G19: FORECAST VARIATIONS | I19: FORECAST F/A
B20: ORDER VALUE | E20: £ | I20: £ | J20: =SUM(F20+H20) -> 0
B21: VARIATIONS | G21: £ | I21: £ | J21: =SUM(F21+H21) -> 0
B22: DAYWORKS | G22: £ | I22: £ | J22: =SUM(F22+H22) -> 0
B23: OTHER ITEMS | G23: £ | I23: £ | J23: =SUM(F23+H23) -> 0
B24: TOTAL | E24: £ | F24: =SUM(F20:F23) -> 0 | G24: £ | H24: =SUM(H19:H23) -> 0 | I24: £ | J24: =SUM(F24+H24) -> 0
B27: INTERIM APPLICATION FOR PAYMENT ON ACCOUNT
E28: CUMULATIVE | G28: PREVIOUS | I28: CURRENT
B29: VALUE OF CONTRACT CLAIM | E29: £ | G29: £ | I29: £ | J29: =SUM(F29-H29) -> 0
B30: VALUE OF DAYWORKS | E30: £ | G30: £ | I30: £ | J30: =SUM(F30-H30) -> 0
B31: VALUE OF VARIATIONS | E31: £ | G31: £ | I31: £ | J31: =SUM(F31-H31) -> 0
B32: SUB-TOTAL | E32: £ | F32: =SUM(F29:F31) -> 0 | G32: £ | H32: =SUM(H28:H31) -> 0 | I32: £ | J32: =SUM(F32-H32) -> 0
B33: LESS RETENTION @ | D33: 0.05 | E33: £ | F33: =SUM(F32*D33) -> 0 | G33: £ | H33: =SUM(H32*D33) -> 0 | I33: £ | J33: =SUM(F33-H33) -> 0
B34: SUB TOTAL | E34: £ | F34: =SUM(F32-F33) -> 0 | G34: £ | H34: =SUM(H32-H33) -> 0 | I34: £ | J34: =SUM(F34-H34) -> 0
B35: LESS DISCOUNT @ | D35: 0 | E35: £ | F35: =SUM(F34*D35) -> 0 | G35: £ | H35: =SUM(H34*D35) -> 0 | I35: £ | J35: =SUM(F35-H35) -> 0
B36: NETT AMOUNT OF THIS CLAIM | E36: £ | F36: =SUM(F34-F35) -> 0 | G36: £ | H36: =SUM(H34-H35) -> 0 | I36: £ | J36: =SUM(F36-H36) -> 0
B37: LESS PREVIOUS PAID | E37: £
B38: NETT AMOUNT OUTSTANDING | E38: £ | F38: =SUM(F36-F37) -> 0
B40: CIS LABOUR CONTENT
B46: DATE:
B48: NOTE: FULL BREAKDOWN ALSO REQUIRED
B53: IP 02-04-05 Version 1

Sheet NR 002
A3: Sub-Contractor
A4: Application For Payment on Account
A7: FROM: | B7: ='NR 001'!B7:D7 -> 0 | F7: APPLICATION No: | I7: 2
B8: ='NR 001'!B8:D8 -> 0 | F8: ORDER No: | I8: ='NR 001'!I8:J8 -> 0
B9: ='NR 001'!B9:D9 -> 0 | F9: CONTRACT No: | I9: ='NR 001'!I9:J9 -> 0
B10: ='NR 001'!B10:D10 -> 0 | F10: ORDER VALUE: | I10: ='NR 001'!I10:J10 -> 0
B11: ='NR 001'!B11:D11 -> 0 | F11: DATE:
B12: ='NR 001'!B12:D12 -> 0 | F12: FOR WORKS UP TO & INCLUDING:
B15: CONTRACT: | C15: ='NR 001'!C15:J15 -> 0
B18: FORECAST FINAL ACCOUNT
E19: CONTRACT VALUE | G19: FORECAST VARIATIONS | I19: FORECAST F/A
B20: ORDER VALUE | E20: £ | F20: ='NR 001'!F20 -> 0 | I20: £ | J20: =SUM(F20+H20) -> 0
B21: VARIATIONS | G21: £ | I21: £ | J21: =SUM(F21+H21) -> 0
B22: DAYWORKS | G22: £ | I22: £ | J22: =SUM(F22+H22) -> 0
B23: OTHER ITEMS | G23: £ | I23: £ | J23: =SUM(F23+H23) -> 0
B24: TOTAL | E24: £ | F24: =SUM(F20:F23) -> 0 | G24: £ | H24: =SUM(H19:H23) -> 0 | I24: £ | J24: =SUM(F24+H24) -> 0
B27: INTERIM APPLICATION FOR PAYMENT ON ACCOUNT
E28: CUMULATIVE | G28: PREVIOUS | I28: CURRENT
B29: VALUE OF CONTRACT CLAIM | E29: £ | G29: £ | H29: ='NR 001'!F29 -> 0 | I29: £ | J29: =SUM(F29-H29) -> 0
B30: VALUE OF DAYWORKS | E30: £ | G30: £ | H30: ='NR 001'!F30 -> 0 | I30: £ | J30: =SUM(F30-H30) -> 0
B31: VALUE OF VARIATIONS | E31: £ | G31: £ | H31: ='NR 001'!F31 -> 0 | I31: £ | J31: =SUM(F31-H31) -> 0
B32: SUB-TOTAL | E32: £ | F32: =SUM(F29:F31) -> 0 | G32: £ | H32: ='NR 001'!F32 -> 0 | I32: £ | J32: =SUM(F32-H32) -> 0
B33: LESS RETENTION @ | D33: 0.05 | E33: £ | F33: =SUM(F32*D33) -> 0 | G33: £ | H33: ='NR 001'!F33 -> 0 | I33: £ | J33: =SUM(F33-H33) -> 0
B34: SUB TOTAL | E34: £ | F34: =SUM(F32-F33) -> 0 | G34: £ | H34: ='NR 001'!F34 -> 0 | I34: £ | J34: =SUM(F34-H34) -> 0
B35: LESS DISCOUNT @ | D35: 0 | E35: £ | F35: =SUM(F34*D35) -> 0 | G35: £ | H35: 0 | I35: £ | J35: =SUM(F35-H35) -> 0
B36: NETT AMOUNT OF THIS CLAIM | E36: £ | F36: =SUM(F34-F35) -> 0 | G36: £ | H36: ='NR 001'!F35 -> 0 | I36: £ | J36: =SUM(F36-H36) -> 0
B37: LESS PREVIOUS PAID | E37: £
B38: NETT AMOUNT OUTSTANDING | E38: £ | F38: =SUM(F36-F37) -> 0
B40: CIS LABOUR CONTENT
B44: SIGNED: | F44: ON BEHALF OF:
B46: DATE:
B48: NOTE: FULL BREAKDOWN ALSO REQUIRED
B53: IP 02-04-05 Version 1

Sheet NR 003
A3: Sub-Contractor
A4: Application For Payment on Account
A7: FROM: | B7: ='NR 001'!B7:D7 -> 0 | F7: APPLICATION No: | I7: 3
B8: ='NR 001'!B8:D8 -> 0 | F8: ORDER No: | I8: ='NR 001'!I8:J8 -> 0
B9: ='NR 001'!B9:D9 -> 0 | F9: CONTRACT No: | I9: ='NR 001'!I9:J9 -> 0
B10: ='NR 001'!B10:D10 -> 0 | F10: ORDER VALUE: | I10: ='NR 001'!I10:J10 -> 0
B11: ='NR 001'!B11:D11 -> 0 | F11: DATE:
B12: ='NR 001'!B12:D12 -> 0 | F12: FOR WORKS UP TO & INCLUDING:
B15: CONTRACT: | C15: ='NR 001'!C15:J15 -> 0
B18: FORECAST FINAL ACCOUNT
E19: CONTRACT VALUE | G19: FORECAST VARIATIONS | I19: FORECAST F/A
B20: ORDER VALUE | E20: £ | F20: ='NR 001'!F20 -> 0 | I20: £ | J20: =SUM(F20+H20) -> 0
B21: VARIATIONS | G21: £ | I21: £ | J21: =SUM(F21+H21) -> 0
B22: DAYWORKS | G22: £ | I22: £ | J22: =SUM(F22+H22) -> 0
B23: OTHER ITEMS | G23: £ | I23: £ | J23: =SUM(F23+H23) -> 0
B24: TOTAL | E24: £ | F24: =SUM(F20:F23) -> 0 | G24: £ | H24: =SUM(H19:H23) -> 0 | I24: £ | J24: =SUM(F24+H24) -> 0
B27: INTERIM APPLICATION FOR PAYMENT ON ACCOUNT
E28: CUMULATIVE | G28: PREVIOUS | I28: CURRENT
B29: VALUE OF CONTRACT CLAIM | E29: £ | G29: £ | H29: ='NR 002'!F29 -> 0 | I29: £ | J29: =SUM(F29-H29) -> 0
B30: VALUE OF DAYWORKS | E30: £ | G30: £ | H30: ='NR 002'!F30 -> 0 | I30: £ | J30: =SUM(F30-H30) -> 0
B31: VALUE OF VARIATIONS | E31: £ | G31: £ | H31: ='NR 002'!F31 -> 0 | I31: £ | J31: =SUM(F31-H31) -> 0
B32: SUB-TOTAL | E32: £ | F32: =SUM(F29:F31) -> 0 | G32: £ | H32: ='NR 002'!F32 -> 0 | I32: £ | J32: =SUM(F32-H32) -> 0
B33: LESS RETENTION @ | D33: 0.05 | E33: £ | F33: =SUM(F32*D33) -> 0 | G33: £ | H33: ='NR 002'!F33 -> 0 | I33: £ | J33: =SUM(F33-H33) -> 0
B34: SUB TOTAL | E34: £ | F34: =SUM(F32-F33) -> 0 | G34: £ | H34: ='NR 002'!F34 -> 0 | I34: £ | J34: =SUM(F34-H34) -> 0
B35: LESS DISCOUNT @ | D35: 0 | E35: £ | F35: =SUM(F34*D35) -> 0 | G35: £ | H35: ='NR 002'!F35 -> 0 | I35: £ | J35: =SUM(F35-H35) -> 0
B36: NETT AMOUNT OF THIS CLAIM | E36: £ | F36: =SUM(F34-F35) -> 0 | G36: £ | H36: ='NR 002'!F36 -> 0 | I36: £ | J36: =SUM(F36-H36) -> 0
B37: LESS PREVIOUS PAID | E37: £
B38: NETT AMOUNT OUTSTANDING | E38: £ | F38: =SUM(F36-F37) -> 0
B40: CIS LABOUR CONTENT
B44: SIGNED: | F44: ON BEHALF OF:
B46: DATE:
B48: NOTE: FULL BREAKDOWN ALSO REQUIRED
B53: IP 02-04-05 Version 1

Sheet NR 004
A3: Sub-Contractor
A4: Application For Payment on Account
A7: FROM: | B7: ='NR 001'!B7:D7 -> 0 | F7: APPLICATION No: | I7: 4
B8: ='NR 001'!B8:D8 -> 0 | F8: ORDER No: | I8: ='NR 001'!I8:J8 -> 0
B9: ='NR 001'!B9:D9 -> 0 | F9: CONTRACT No: | I9: ='NR 001'!I9:J9 -> 0
B10: ='NR 001'!B10:D10 -> 0 | F10: ORDER VALUE: | I10: ='NR 001'!I10:J10 -> 0
B11: ='NR 001'!B11:D11 -> 0 | F11: DATE:
B12: ='NR 001'!B12:D12 -> 0 | F12: FOR WORKS UP TO & INCLUDING:
B15: CONTRACT: | C15: ='NR 001'!C15:J15 -> 0
B18: FORECAST FINAL ACCOUNT
E19: CONTRACT VALUE | G19: FORECAST VARIATIONS | I19: FORECAST F/A
B20: ORDER VALUE | E20: £ | F20: ='NR 001'!F20 -> 0 | I20: £ | J20: =SUM(F20+H20) -> 0
B21: VARIATIONS | G21: £ | I21: £ | J21: =SUM(F21+H21) -> 0
B22: DAYWORKS | G22: £ | I22: £ | J22: =SUM(F22+H22) -> 0
B23: OTHER ITEMS | G23: £ | I23: £ | J23: =SUM(F23+H23) -> 0
B24: TOTAL | E24: £ | F24: =SUM(F20:F23) -> 0 | G24: £ | H24: =SUM(H19:H23) -> 0 | I24: £ | J24: =SUM(F24+H24) -> 0
B27: INTERIM APPLICATION FOR PAYMENT ON ACCOUNT
E28: CUMULATIVE | G28: PREVIOUS | I28: CURRENT
B29: VALUE OF CONTRACT CLAIM | E29: £ | G29: £ | I29: £ | J29: =SUM(F29-H29) -> 0
B30: VALUE OF DAYWORKS | E30: £ | G30: £ | H30: ='NR 003'!F30 -> 0 | I30: £ | J30: =SUM(F30-H30) -> 0
B31: VALUE OF VARIATIONS | E31: £ | G31: £ | I31: £ | J31: =SUM(F31-H31) -> 0
B32: SUB-TOTAL | E32: £ | F32: =SUM(F29:F31) -> 0 | G32: £ | H32: ='NR 003'!F32 -> 0 | I32: £ | J32: =SUM(F32-H32) -> 0
B33: LESS RETENTION @ | D33: 0.05 | E33: £ | F33: =SUM(F32*D33) -> 0 | G33: £ | H33: ='NR 003'!F33 -> 0 | I33: £ | J33: =SUM(F33-H33) -> 0
B34: SUB TOTAL | E34: £ | F34: =SUM(F32-F33) -> 0 | G34: £ | H34: ='NR 003'!F34 -> 0 | I34: £ | J34: =SUM(F34-H34) -> 0
B35: LESS DISCOUNT @ | D35: 0 | E35: £ | F35: =SUM(F34*D35) -> 0 | G35: £ | H35: ='NR 003'!F35 -> 0 | I35: £ | J35: =SUM(F35-H35) -> 0
B36: NETT AMOUNT OF THIS CLAIM | E36: £ | F36: =SUM(F34-F35) -> 0 | G36: £ | H36: ='NR 003'!F36 -> 0 | I36: £ | J36: =SUM(F36-H36) -> 0
B37: LESS PREVIOUS PAID | E37: £
B38: NETT AMOUNT OUTSTANDING | E38: £ | F38: =SUM(F36-F37) -> 0
B40: CIS LABOUR CONTENT
B44: SIGNED: | F44: ON BEHALF OF:
B46: DATE:
B48: NOTE: FULL BREAKDOWN ALSO REQUIRED
B53: IP 02-04-05 Version 1

Sheet NR 005
A3: Sub-Contractor
A4: Application For Payment on Account
A7: FROM: | B7: ='NR 001'!B7:D7 -> 0 | F7: APPLICATION No: | I7: 5
B8: ='NR 001'!B8:D8 -> 0 | F8: ORDER No: | I8: ='NR 001'!I8:J8 -> 0
B9: ='NR 001'!B9:D9 -> 0 | F9: CONTRACT No: | I9: ='NR 001'!I9:J9 -> 0
B10: ='NR 001'!B10:D10 -> 0 | F10: ORDER VALUE: | I10: ='NR 001'!I10:J10 -> 0
B11: ='NR 001'!B11:D11 -> 0 | F11: DATE:
B12: ='NR 001'!B12:D12 -> 0 | F12: FOR WORKS UP TO & INCLUDING:
B15: CONTRACT: | C15: ='NR 001'!C15:J15 -> 0
B18: FORECAST FINAL ACCOUNT
E19: CONTRACT VALUE | G19: FORECAST VARIATIONS | I19: FORECAST F/A
B20: ORDER VALUE | E20: £ | F20: ='NR 001'!F20 -> 0 | I20: £ | J20: =SUM(F20+H20) -> 0
B21: VARIATIONS | G21: £ | I21: £ | J21: =SUM(F21+H21) -> 0
B22: DAYWORKS | G22: £ | I22: £ | J22: =SUM(F22+H22) -> 0
B23: OTHER ITEMS | G23: £ | I23: £ | J23: =SUM(F23+H23) -> 0
B24: TOTAL | E24: £ | F24: =SUM(F20:F23) -> 0 | G24: £ | H24: =SUM(H19:H23) -> 0 | I24: £ | J24: =SUM(F24+H24) -> 0
B27: INTERIM APPLICATION FOR PAYMENT ON ACCOUNT
E28: CUMULATIVE | G28: PREVIOUS | I28: CURRENT
B29: VALUE OF CONTRACT CLAIM | E29: £ | G29: £ | H29: ='NR 004'!F29 -> 0 | I29: £ | J29: =SUM(F29-H29) -> 0
B30: VALUE OF DAYWORKS | E30: £ | G30: £ | H30: ='NR 004'!F30 -> 0 | I30: £ | J30: =SUM(F30-H30) -> 0
B31: VALUE OF VARIATIONS | E31: £ | G31: £ | H31: ='NR 004'!F31 -> 0 | I31: £ | J31: =SUM(F31-H31) -> 0
B32: SUB-TOTAL | E32: £ | F32: =SUM(F29:F31) -> 0 | G32: £ | H32: ='NR 004'!F32 -> 0 | I32: £ | J32: =SUM(F32-H32) -> 0
B33: LESS RETENTION @ | D33: 0.05 | E33: £ | F33: =SUM(F32*D33) -> 0 | G33: £ | H33: ='NR 004'!F33 -> 0 | I33: £ | J33: =SUM(F33-H33) -> 0
B34: SUB TOTAL | E34: £ | F34: =SUM(F32-F33) -> 0 | G34: £ | H34: ='NR 004'!F34 -> 0 | I34: £ | J34: =SUM(F34-H34) -> 0
B35: LESS DISCOUNT @ | D35: 0 | E35: £ | F35: =SUM(F34*D35) -> 0 | G35: £ | H35: ='NR 004'!F35 -> 0 | I35: £ | J35: =SUM(F35-H35) -> 0
B36: NETT AMOUNT OF THIS CLAIM | E36: £ | F36: =SUM(F34-F35) -> 0 | G36: £ | H36: ='NR 004'!F36 -> 0 | I36: £ | J36: =SUM(F36-H36) -> 0
B37: LESS PREVIOUS PAID | E37: £
B38: NETT AMOUNT OUTSTANDING | E38: £ | F38: =SUM(F36-F37) -> 0
B40: CIS LABOUR CONTENT
B44: SIGNED: | F44: ON BEHALF OF:
B46: DATE:
B48: NOTE: FULL BREAKDOWN ALSO REQUIRED
B53: IP 02-04-05 Version 1

Sheet NR 006
A3: Sub-Contractor
A4: Application For Payment on Account
A7: FROM: | B7: ='NR 001'!B7:D7 -> 0 | F7: APPLICATION No: | I7: 6
B8: ='NR 001'!B8:D8 -> 0 | F8: ORDER No: | I8: ='NR 001'!I8:J8 -> 0
B9: ='NR 001'!B9:D9 -> 0 | F9: CONTRACT No: | I9: ='NR 001'!I9:J9 -> 0
B10: ='NR 001'!B10:D10 -> 0 | F10: ORDER VALUE: | I10: ='NR 001'!I10:J10 -> 0
B11: ='NR 001'!B11:D11 -> 0 | F11: DATE:
B12: ='NR 001'!B12:D12 -> 0 | F12: FOR WORKS UP TO & INCLUDING:
B15: CONTRACT: | C15: ='NR 001'!C15:J15 -> 0
B18: FORECAST FINAL ACCOUNT
E19: CONTRACT VALUE | G19: FORECAST VARIATIONS | I19: FORECAST F/A
B20: ORDER VALUE | E20: £ | F20: ='NR 001'!F20 -> 0 | I20: £ | J20: =SUM(F20+H20) -> 0
B21: VARIATIONS | G21: £ | I21: £ | J21: =SUM(F21+H21) -> 0
B22: DAYWORKS | G22: £ | I22: £ | J22: =SUM(F22+H22) -> 0
B23: OTHER ITEMS | G23: £ | I23: £ | J23: =SUM(F23+H23) -> 0
B24: TOTAL | E24: £ | F24: =SUM(F20:F23) -> 0 | G24: £ | H24: =SUM(H19:H23) -> 0 | I24: £ | J24: =SUM(F24+H24) -> 0
B27: INTERIM APPLICATION FOR PAYMENT ON ACCOUNT
E28: CUMULATIVE | G28: PREVIOUS | I28: CURRENT
B29: VALUE OF CONTRACT CLAIM | E29: £ | G29: £ | H29: ='NR 005'!F29 -> 0 | I29: £ | J29: =SUM(F29-H29) -> 0
B30: VALUE OF DAYWORKS | E30: £ | G30: £ | H30: ='NR 005'!F30 -> 0 | I30: £ | J30: =SUM(F30-H30) -> 0
B31: VALUE OF VARIATIONS | E31: £ | G31: £ | H31: ='NR 005'!F31 -> 0 | I31: £ | J31: =SUM(F31-H31) -> 0
B32: SUB-TOTAL | E32: £ | F32: =SUM(F29:F31) -> 0 | G32: £ | H32: ='NR 005'!F32 -> 0 | I32: £ | J32: =SUM(F32-H32) -> 0
B33: LESS RETENTION @ | D33: 0.025 | E33: £ | F33: =SUM(F32*D33) -> 0 | G33: £ | H33: ='NR 005'!F33 -> 0 | I33: £ | J33: =SUM(F33-H33) -> 0
B34: SUB TOTAL | E34: £ | F34: =SUM(F32-F33) -> 0 | G34: £ | H34: ='NR 005'!F34 -> 0 | I34: £ | J34: =SUM(F34-H34) -> 0
B35: LESS DISCOUNT @ | D35: 0 | E35: £ | F35: =SUM(F34*D35) -> 0 | G35: £ | H35: ='NR 005'!F35 -> 0 | I35: £ | J35: =SUM(F35-H35) -> 0
B36: NETT AMOUNT OF THIS CLAIM | E36: £ | F36: =SUM(F34-F35) -> 0 | G36: £ | H36: ='NR 005'!F36 -> 0 | I36: £ | J36: =SUM(F36-H36) -> 0
B37: LESS PREVIOUS PAID | E37: £
B38: NETT AMOUNT OUTSTANDING | E38: £ | F38: =SUM(F36-F37) -> 0
B40: CIS LABOUR CONTENT
B44: SIGNED: | F44: ON BEHALF OF:
B46: DATE:
B48: NOTE: FULL BREAKDOWN ALSO REQUIRED
B53: IP 02-04-05 Version 1

Sheet NR 007
A3: Sub-Contractor
A4: Application For Payment on Account
A7: FROM: | B7: ='NR 001'!B7:D7 -> 0 | F7: APPLICATION No: | I7: 7
B8: ='NR 001'!B8:D8 -> 0 | F8: ORDER No: | I8: ='NR 001'!I8:J8 -> 0
B9: ='NR 001'!B9:D9 -> 0 | F9: CONTRACT No: | I9: ='NR 001'!I9:J9 -> 0
B10: ='NR 001'!B10:D10 -> 0 | F10: ORDER VALUE: | I10: ='NR 001'!I10:J10 -> 0
B11: ='NR 001'!B11:D11 -> 0 | F11: DATE:
B12: ='NR 001'!B12:D12 -> 0 | F12: FOR WORKS UP TO & INCLUDING:
B15: CONTRACT: | C15: ='NR 001'!C15:J15 -> 0
B18: FORECAST FINAL ACCOUNT
E19: CONTRACT VALUE | G19: FORECAST VARIATIONS | I19: FORECAST F/A
B20: ORDER VALUE | E20: £ | F20: ='NR 001'!F20 -> 0 | I20: £ | J20: =SUM(F20+H20) -> 0
B21: VARIATIONS | G21: £ | I21: £ | J21: =SUM(F21+H21) -> 0
B22: DAYWORKS | G22: £ | I22: £ | J22: =SUM(F22+H22) -> 0
B23: OTHER ITEMS | G23: £ | I23: £ | J23: =SUM(F23+H23) -> 0
B24: TOTAL | E24: £ | F24: =SUM(F20:F23) -> 0 | G24: £ | H24: =SUM(H19:H23) -> 0 | I24: £ | J24: =SUM(F24+H24) -> 0
B27: INTERIM APPLICATION FOR PAYMENT ON ACCOUNT
E28: CUMULATIVE | G28: PREVIOUS | I28: CURRENT
B29: VALUE OF CONTRACT CLAIM | E29: £ | G29: £ | H29: ='NR 006'!F29 -> 0 | I29: £ | J29: =SUM(F29-H29) -> 0
B30: VALUE OF DAYWORKS | E30: £ | G30: £ | H30: ='NR 006'!F30 -> 0 | I30: £ | J30: =SUM(F30-H30) -> 0
B31: VALUE OF VARIATIONS | E31: £ | G31: £ | H31: ='NR 006'!F31 -> 0 | I31: £ | J31: =SUM(F31-H31) -> 0
B32: SUB-TOTAL | E32: £ | F32: =SUM(F29:F31) -> 0 | G32: £ | H32: ='NR 006'!F32 -> 0 | I32: £ | J32: =SUM(F32-H32) -> 0
B33: LESS RETENTION @ | D33: 0.05 | E33: £ | F33: =SUM(F32*D33) -> 0 | G33: £ | H33: ='NR 006'!F33 -> 0 | I33: £ | J33: =SUM(F33-H33) -> 0
B34: SUB TOTAL | E34: £ | F34: =SUM(F32-F33) -> 0 | G34: £ | H34: ='NR 006'!F34 -> 0 | I34: £ | J34: =SUM(F34-H34) -> 0
B35: LESS DISCOUNT @ | D35: 0 | E35: £ | F35: =SUM(F34*D35) -> 0 | G35: £ | H35: ='NR 006'!F35 -> 0 | I35: £ | J35: =SUM(F35-H35) -> 0
B36: NETT AMOUNT OF THIS CLAIM | E36: £ | F36: =SUM(F34-F35) -> 0 | G36: £ | H36: ='NR 006'!F36 -> 0 | I36: £ | J36: =SUM(F36-H36) -> 0
B37: LESS PREVIOUS PAID | E37: £
B38: NETT AMOUNT OUTSTANDING | E38: £ | F38: =SUM(F36-F37) -> 0
B40: CIS LABOUR CONTENT
B44: SIGNED: | F44: ON BEHALF OF:
B46: DATE:
B48: NOTE: FULL BREAKDOWN ALSO REQUIRED
B53: IP 02-04-05 Version 1

Sheet NR 008
A3: Sub-Contractor
A4: Application For Payment on Account
A7: FROM: | B7: ='NR 001'!B7:D7 -> 0 | F7: APPLICATION No: | I7: 8
B8: ='NR 001'!B8:D8 -> 0 | F8: ORDER No: | I8: ='NR 001'!I8:J8 -> 0
B9: ='NR 001'!B9:D9 -> 0 | F9: CONTRACT No: | I9: ='NR 001'!I9:J9 -> 0
B10: ='NR 001'!B10:D10 -> 0 | F10: ORDER VALUE: | I10: ='NR 001'!I10:J10 -> 0
B11: ='NR 001'!B11:D11 -> 0 | F11: DATE:
B12: ='NR 001'!B12:D12 -> 0 | F12: FOR WORKS UP TO & INCLUDING:
B15: CONTRACT: | C15: ='NR 001'!C15:J15 -> 0
B18: FORECAST FINAL ACCOUNT
E19: CONTRACT VALUE | G19: FORECAST VARIATIONS | I19: FORECAST F/A
B20: ORDER VALUE | E20: £ | F20: ='NR 001'!F20 -> 0 | I20: £ | J20: =SUM(F20+H20) -> 0
B21: VARIATIONS | G21: £ | I21: £ | J21: =SUM(F21+H21) -> 0
B22: DAYWORKS | G22: £ | I22: £ | J22: =SUM(F22+H22) -> 0
B23: OTHER ITEMS | G23: £ | I23: £ | J23: =SUM(F23+H23) -> 0
B24: TOTAL | E24: £ | F24: =SUM(F20:F23) -> 0 | G24: £ | H24: =SUM(H19:H23) -> 0 | I24: £ | J24: =SUM(F24+H24) -> 0
B27: INTERIM APPLICATION FOR PAYMENT ON ACCOUNT
E28: CUMULATIVE | G28: PREVIOUS | I28: CURRENT
B29: VALUE OF CONTRACT CLAIM | E29: £ | G29: £ | H29: ='NR 007'!F29 -> 0 | I29: £ | J29: =SUM(F29-H29) -> 0
B30: VALUE OF DAYWORKS | E30: £ | G30: £ | H30: ='NR 007'!F30 -> 0 | I30: £ | J30: =SUM(F30-H30) -> 0
B31: VALUE OF VARIATIONS | E31: £ | G31: £ | H31: ='NR 007'!F31 -> 0 | I31: £ | J31: =SUM(F31-H31) -> 0
B32: SUB-TOTAL | E32: £ | F32: =SUM(F29:F31) -> 0 | G32: £ | H32: ='NR 007'!F32 -> 0 | I32: £ | J32: =SUM(F32-H32) -> 0
B33: LESS RETENTION @ | D33: 0.05 | E33: £ | F33: =SUM(F32*D33) -> 0 | G33: £ | H33: ='NR 007'!F33 -> 0 | I33: £ | J33: =SUM(F33-H33) -> 0
B34: SUB TOTAL | E34: £ | F34: =SUM(F32-F33) -> 0 | G34: £ | H34: ='NR 007'!F34 -> 0 | I34: £ | J34: =SUM(F34-H34) -> 0
B35: LESS DISCOUNT @ | D35: 0 | E35: £ | F35: =SUM(F34*D35) -> 0 | G35: £ | H35: ='NR 007'!F35 -> 0 | I35: £ | J35: =SUM(F35-H35) -> 0
B36: NETT AMOUNT OF THIS CLAIM | E36: £ | F36: =SUM(F34-F35) -> 0 | G36: £ | H36: =SUM(H34-H35) -> 0 | I36: £ | J36: =SUM(F36-H36) -> 0
B37: LESS PREVIOUS PAID | E37: £
B38: NETT AMOUNT OUTSTANDING | E38: £ | F38: =SUM(F36-F37) -> 0
B40: CIS LABOUR CONTENT
B44: SIGNED: | F44: ON BEHALF OF:
B46: DATE:
B48: NOTE: FULL BREAKDOWN ALSO REQUIRED
B53: IP 02-04-05 Version 1
