Workbook

Sheet Summary
A6: Bid / No-Bid Summary
B8: Total Weighted Score: | C8: =SUM(Scoring!E6:E46) -> 0
B9: Maximum Possible Score: | C9: =SUMPRODUCT((Scoring!D6:D46)*2) -> 0
B11: Recommendation: | C11: =IF(C8/C9>=0.75,"Strong Bid Candidate",IF(C8/C9>=0.5,"Bid with Caution","No Bid")) -> #DIV/0!
B13: Score Breakdown by Weight:
B14: High (Weight=3) | C14: =SUMIFS(Scoring!E6:E46, Scoring!D6:D46, 3) -> 0
B15: Medium (Weight=2) | C15: =SUMIFS(Scoring!E6:E46, Scoring!D6:D46, 2) -> 0
B16: Low (Weight=1) | C16: =SUMIFS(Scoring!E6:E46, Scoring!D6:D46, 1) -> 0
A46: Document ref: IP-02-04-55.01

Sheet Scoring
A5: Section | B5: Question | C5: Score: 0 = No 1 = Unknown 2 = Yes | D5: Weight: Low = 1 Medium = 2 High = 3 | E5: Weighted Score
A6: Client & Relationship | B6: Is the client either the end user or a main contractor? | E6: =IF(AND(ISNUMBER(C6), ISNUMBER(D6)), C6*D6, "")
A7: Client & Relationship | B7: Do we have an existing relationship or a strong working history with this client? | E7: =IF(AND(ISNUMBER(C7), ISNUMBER(D7)), C7*D7, "")
A8: Client & Relationship | B8: Have we secured works previously from this client | E8: =IF(AND(ISNUMBER(C8), ISNUMBER(D8)), C8*D8, "")
A9: Client & Relationship | B9: Is the client financially stable and reliable in payment history? | E9: =IF(AND(ISNUMBER(C9), ISNUMBER(D9)), C9*D9, "")
A10: Client & Relationship | B10: Is the client known for fair contract terms and reasonable expectations? | E10: =IF(AND(ISNUMBER(C10), ISNUMBER(D10)), C10*D10, "")
A11: Client & Relationship | B11: Do we have sufficient credit cover availible to us to undertake the works | E11: =IF(AND(ISNUMBER(C11), ISNUMBER(D11)), C11*D11, "")
A12: Client & Relationship | B12: Is the client Amber / Green on the RAG register | E12: =IF(AND(ISNUMBER(C12), ISNUMBER(D12)), C12*D12, "")
A13: Strategic Fit | B13: Does the project align with our business strategy and sector focus? | E13: =IF(AND(ISNUMBER(C13), ISNUMBER(D13)), C13*D13, "")
A14: Strategic Fit | B14: Does this project support our growth, presence, or reputation in a key market or geography? | E14: =IF(AND(ISNUMBER(C14), ISNUMBER(D14)), C14*D14, "")
A15: Strategic Fit | B15: Is this a repeatable or referenceable project type? | E15: =IF(AND(ISNUMBER(C15), ISNUMBER(D15)), C15*D15, "")
A16: Technical Fit & Capability | B16: Do we have the in-house capability to deliver the M&E scope required? | E16: =IF(AND(ISNUMBER(C16), ISNUMBER(D16)), C16*D16, "")
A17: Technical Fit & Capability | B17: Does the project fall within our operational capacity? | E17: =IF(AND(ISNUMBER(C17), ISNUMBER(D17)), C17*D17, "")
... A46: Legal & Compliance | B46: Is there an acceptable level of risk transfer? | E46: =IF(AND(ISNUMBER(C46), ISNUMBER(D46)), C46*D46, "")
A51: Document ref: IP-02-04-55.02
